student_id,job_id,skills_sim,domain_match,loc_sim,wfh_match,duration_fit,student_cgpa,job_duration_months,text_sim,has_exp_flag,exp_level_num,rel_exp_flag,label
1,590,0.0,0,0.0,1,1,8.5,3.0,0.0,1,1,1,0
1,719,0.0,0,0.0,0,1,8.5,2.0,0.0,1,1,1,0
1,678,0.0,0,0.0,1,1,8.5,3.0,0.0,1,1,1,0
1,958,0.1,1,0.0,0,0,8.5,1.0,0.29391700663109077,1,1,1,0
1,315,0.0,0,0.0,0,1,8.5,4.0,0.0,1,1,1,0
1,346,0.0,0,0.0,1,1,8.5,2.0,0.0,1,1,1,0
1,100,0.0,0,0.0,0,1,8.5,2.0,0.04827972641077455,1,1,1,0
1,650,0.0,0,0.0,1,1,8.5,6.0,0.0,1,1,1,0
1,510,0.0,0,0.0,0,1,8.5,3.0,0.0,1,1,1,0
1,195,0.0,0,0.0,0,1,8.5,6.0,0.0,1,1,1,0
1,967,0.0,0,0.0,0,0,8.5,1.0,0.0,1,1,1,0
1,340,0.0,0,0.0,1,1,8.5,6.0,0.0,1,1,1,0
1,942,0.0,0,0.0,0,0,8.5,1.0,0.0,1,1,1,0
1,764,0.0,0,0.0,1,1,8.5,2.0,0.0,1,1,1,0
1,415,0.1111111111111111,1,0.0,0,1,8.5,6.0,0.21377544459156703,1,1,1,0
1,579,0.0,0,0.0,0,1,8.5,12.0,0.0,1,1,1,0
1,36,0.0,0,0.0,0,1,8.5,6.0,0.0,1,1,1,0
1,311,0.1,0,0.0,1,1,8.5,4.0,0.10586426222395394,1,1,1,0
1,239,0.0625,1,0.0,1,1,8.5,2.0,0.08461918396283967,1,1,1,0
1,453,0.125,1,0.0,1,1,8.5,6.0,0.5424496361624258,1,1,1,0
1,780,0.0,0,0.0,1,1,8.5,2.0,0.0,1,1,1,0
1,42,0.0,0,0.0,0,1,8.5,6.0,0.0,1,1,1,0
1,269,0.0,0,0.0,0,0,8.5,1.5,0.0,1,1,1,0
1,28,0.0,0,0.0,0,1,8.5,6.0,0.0,1,1,1,0
1,655,0.0,0,0.0,1,0,8.5,1.5,0.0,1,1,1,0
1,494,0.0,0,0.0,1,1,8.5,6.0,0.0,1,1,1,0
1,681,0.1,0,0.0,1,1,8.5,12.0,0.06620340890179323,1,1,1,0
1,819,0.125,0,0.0,0,1,8.5,6.0,0.13019110741120093,1,1,1,0
1,673,0.0,0,0.0,0,1,8.5,4.0,0.0,1,1,1,0
1,582,0.0,0,0.0,1,1,8.5,2.0,0.0,1,1,1,0
1,245,0.0,0,0.0,1,1,8.5,3.0,0.03618629586120363,1,1,1,0
1,310,0.0,0,0.0,0,1,8.5,4.0,0.0,1,1,1,0
1,389,0.0,0,0.0,1,1,8.5,6.0,0.04137903147242757,1,1,1,0
1,7,0.0,0,0.0,0,0,8.5,1.0,0.0,1,1,1,0
1,522,0.0,0,0.0,1,1,8.5,2.0,0.0,1,1,1,0
1,332,0.0,0,0.0,0,1,8.5,2.0,0.1101051400949635,1,1,1,0
1,595,0.0,0,0.0,1,1,8.5,2.5,0.0,1,1,1,0
1,556,0.0,0,0.0,1,1,8.5,2.0,0.0,1,1,1,0
1,157,0.0,0,0.0,0,0,8.5,1.5,0.0,1,1,1,0
1,430,0.1,0,0.0,1,1,8.5,6.0,0.04752067246506156,1,1,1,0
1,720,0.0,1,0.0,0,1,8.5,6.0,0.23023218245008692,1,1,1,0
1,599,0.0,0,0.0,0,1,8.5,5.0,0.18962434524436783,1,1,1,0
1,260,0.0,1,0.0,0,1,8.5,2.0,0.02534000564639046,1,1,1,0
1,959,0.0,0,0.0,0,0,8.5,1.0,0.06598325457486853,1,1,1,0
1,50,0.0,1,0.0,0,1,8.5,3.0,0.0820875899267062,1,1,1,0
1,120,0.0,0,0.0,1,1,8.5,6.0,0.0,1,1,1,0
1,613,0.0,0,0.0,0,1,8.5,3.0,0.0,1,1,1,0
1,574,0.0,0,0.0,1,1,8.5,6.0,0.0,1,1,1,0
1,350,0.0,1,0.0,1,1,8.5,2.0,0.26159203538093123,1,1,1,0
1,782,0.0,0,0.0,1,1,8.5,2.0,0.0,1,1,1,0
1,601,0.0,0,0.0,0,1,8.5,12.0,0.0,1,1,1,0
1,359,0.0,0,0.0,1,1,8.5,6.0,0.0,1,1,1,0
1,109,0.0,0,0.0,1,1,8.5,3.0,0.0,1,1,1,0
1,387,0.0,0,0.0,1,1,8.5,3.0,0.0,1,1,1,0
1,243,0.0,0,0.0,1,1,8.5,10.0,0.0,1,1,1,0
1,405,0.0,0,0.0,1,1,8.5,4.0,0.0,1,1,1,0
1,356,0.0,0,0.0,0,1,8.5,3.0,0.0,1,1,1,0
1,633,0.0,0,0.0,0,1,8.5,2.0,0.0,1,1,1,0
1,873,0.0,0,0.0,1,1,8.5,2.0,0.0,1,1,1,0
1,928,0.0,0,0.0,1,1,8.5,3.0,0.0,1,1,1,0
1,348,0.0,0,0.0,1,1,8.5,3.0,0.0,1,1,1,0
1,641,0.0,0,0.0,1,1,8.5,6.0,0.0,1,1,1,0
1,768,0.0,1,0.0,0,1,8.5,3.0,0.2467918354663633,1,1,1,0
1,102,0.09090909090909091,1,0.0,0,1,8.5,6.0,0.36017648153145976,1,1,1,0
1,35,0.0,0,0.0,0,1,8.5,3.0,0.0,1,1,1,0
1,95,0.0,0,0.0,0,1,8.5,4.0,0.0,1,1,1,0
1,858,0.0,0,0.0,1,1,8.5,2.0,0.0,1,1,1,0
1,275,0.0,1,0.0,1,1,8.5,2.0,0.039564141936864396,1,1,1,0
1,437,0.0,0,0.0,1,1,8.5,6.0,0.0,1,1,1,0
1,444,0.0,0,0.0,1,1,8.5,6.0,0.0,1,1,1,0
1,936,0.0,0,0.0,0,0,8.5,1.0,0.0,1,1,1,0
1,749,0.0,0,0.0,0,0,8.5,1.5,0.0,1,1,1,0
1,492,0.0,0,0.0,1,1,8.5,6.0,0.0,1,1,1,0
1,201,0.0625,1,0.0,1,1,8.5,2.0,0.08461918396283967,1,1,1,0
1,79,0.21428571428571427,1,0.0,1,1,8.5,2.0,0.4258742095784939,1,1,1,1
1,136,0.0,1,0.0,0,1,8.5,6.0,0.1434977157678964,1,1,1,0
1,495,0.0,0,0.0,1,1,8.5,6.0,0.0,1,1,1,0
1,81,0.0625,1,0.0,1,1,8.5,2.0,0.08461918396283967,1,1,1,0
1,683,0.0,0,0.0,0,1,8.5,2.0,0.0,1,1,1,0
1,1013,0.08333333333333333,1,0.0,0,0,8.5,1.0,0.21108036602693994,1,1,1,0
1,86,0.0,0,0.0,0,1,8.5,4.0,0.0,1,1,1,0
1,841,0.2,1,0.0,1,1,8.5,3.0,0.41822704593992377,1,1,1,1
1,852,0.0,0,0.0,1,1,8.5,2.0,0.0,1,1,1,0
1,847,0.0,0,0.0,0,1,8.5,2.0,0.0,1,1,1,0
1,434,0.0,0,0.0,1,1,8.5,6.0,0.10028658844144805,1,1,1,0
1,18,0.0,0,0.0,1,1,8.5,6.0,0.0,1,1,1,0
1,976,0.0,0,0.0,0,0,8.5,1.0,0.0,1,1,1,0
1,608,0.0,0,0.0,1,1,8.5,2.0,0.0,1,1,1,0
1,105,0.16666666666666666,1,0.0,1,1,8.5,2.0,0.5034483121382473,1,1,1,1
1,409,0.1111111111111111,0,0.0,0,1,8.5,3.0,0.1598671112915011,1,1,1,0
1,155,0.0,0,0.0,0,1,8.5,3.0,0.0,1,1,1,0
1,66,0.0,0,0.0,1,1,8.5,2.0,0.0,1,1,1,0
1,224,0.0,0,0.0,1,1,8.5,6.0,0.0,1,1,1,0
1,192,0.0,0,0.0,0,1,8.5,6.0,0.0,1,1,1,0
1,701,0.2,0,0.0,1,0,8.5,1.5,0.24272998754599362,1,1,1,0
1,871,0.0,0,0.0,0,1,8.5,3.0,0.0,1,1,1,0
1,454,0.0,0,0.0,1,1,8.5,6.0,0.0,1,1,1,0
1,889,0.08333333333333333,0,0.0,0,1,8.5,3.0,0.07320392656233024,1,1,1,0
1,497,0.0,0,0.0,0,1,8.5,12.0,0.0,1,1,1,0
1,905,0.0,0,0.0,0,1,8.5,3.0,0.0,1,1,1,0
2,453,0.0,0,0.0,1,1,8.2,6.0,0.0,1,1,1,0
2,165,0.0,0,0.0,1,1,8.2,2.0,0.0,1,1,1,0
2,673,0.0,1,0.0,0,1,8.2,4.0,0.0,1,1,1,0
2,100,0.0,0,0.0,0,1,8.2,2.0,0.0,1,1,1,0
2,356,0.0,0,0.0,0,1,8.2,3.0,0.0,1,1,1,0
2,738,0.0,0,0.0,0,1,8.2,2.25,0.0,1,1,1,0
2,849,0.0,0,0.0,1,1,8.2,6.0,0.0,1,1,1,0
2,445,0.0,0,0.0,1,1,8.2,6.0,0.0,1,1,1,0
2,432,0.0,0,0.0,0,1,8.2,12.0,0.0,1,1,1,0
2,867,0.0,0,0.0,1,0,8.2,1.5,0.0,1,1,1,0
2,659,0.0,0,0.0,1,0,8.2,1.5,0.0,1,1,1,0
2,580,0.0,0,0.0,0,1,8.2,2.25,0.0,1,1,1,0
2,811,0.0,0,0.0,0,1,8.2,6.0,0.0,1,1,1,0
2,896,0.0,0,0.0,0,1,8.2,3.0,0.0,1,1,1,0
2,908,0.0,0,0.0,0,1,8.2,2.0,0.0,1,1,1,0
2,519,0.0,1,0.0,1,1,8.2,2.0,0.0,1,1,1,0
2,232,0.0,0,0.0,1,1,8.2,6.0,0.0,1,1,1,0
2,339,0.0,0,0.0,1,1,8.2,4.0,0.0,1,1,1,0
2,826,0.0,0,0.0,0,0,8.2,1.5,0.0,1,1,1,0
2,306,0.0,0,0.0,0,1,8.2,4.0,0.0,1,1,1,0
2,931,0.0,0,0.0,1,1,8.2,11.0,0.0,1,1,1,0
2,428,0.0,0,0.0,1,1,8.2,6.0,0.0,1,1,1,0
2,999,0.0,0,0.0,0,0,8.2,1.0,0.0,1,1,1,0
2,921,0.0,1,0.0,1,1,8.2,2.0,0.17825021306373445,1,1,1,0
2,288,0.0,0,0.0,0,1,8.2,6.25,0.0,1,1,1,0
2,713,0.0,0,0.0,1,1,8.2,2.0,0.0,1,1,1,0
2,323,0.0,1,0.0,1,1,8.2,4.0,0.04137401941031395,1,1,1,0
2,210,0.0,0,0.0,1,1,8.2,2.0,0.0336248701445647,1,1,1,0
2,147,0.0,0,0.0,0,1,8.2,3.0,0.0,1,1,1,0
2,509,0.0,0,0.0,1,1,8.2,3.0,0.16209858251201953,1,1,1,0
2,1019,0.0,0,0.0,0,0,8.2,1.0,0.0,1,1,1,0
2,596,0.0,0,0.0,0,1,8.2,6.0,0.0,1,1,1,0
2,522,0.0,1,0.0,1,1,8.2,2.0,0.08063371052737751,1,1,1,0
2,67,0.0,0,0.0,1,1,8.2,2.0,0.0336248701445647,1,1,1,0
2,1030,0.0,0,0.0,0,0,8.2,1.0,0.0,1,1,1,0
2,727,0.0,0,0.0,0,1,8.2,2.0,0.0,1,1,1,0
2,357,0.0,0,0.0,0,1,8.2,3.0,0.0,1,1,1,0
2,281,0.0,0,0.0,1,1,8.2,3.0,0.0,1,1,1,0
2,802,0.0,0,0.0,0,1,8.2,2.0,0.0,1,1,1,0
2,621,0.0,0,0.0,0,1,8.2,6.0,0.14142919835726417,1,1,1,0
2,795,0.0,0,0.0,0,1,8.2,2.0,0.0,1,1,1,0
2,913,0.0,0,0.0,1,1,8.2,2.0,0.0,1,1,1,0
2,375,0.0,0,0.0,0,1,8.2,3.0,0.0,1,1,1,0
2,837,0.0,0,0.0,0,1,8.2,6.0,0.0,1,1,1,0
2,691,0.0,0,0.0,1,1,8.2,2.0,0.0,1,1,1,0
2,227,0.1,0,0.0,1,1,8.2,6.0,0.12927612848152215,1,1,1,0
2,144,0.0,1,0.0,0,1,8.2,6.0,0.08063371052737751,1,1,1,0
2,397,0.0,0,0.0,1,1,8.2,2.0,0.0,1,1,1,0
2,572,0.0,0,0.0,1,1,8.2,6.0,0.0,1,1,1,0
2,933,0.0,0,0.0,0,1,8.2,3.0,0.0,1,1,1,0
2,193,0.0,0,0.0,0,1,8.2,6.0,0.0,1,1,1,0
2,557,0.0,0,0.0,1,1,8.2,4.0,0.0,1,1,1,0
2,520,0.0,0,0.0,1,1,8.2,3.5,0.0,1,1,1,0
2,952,0.0,0,0.0,0,0,8.2,1.0,0.0,1,1,1,0
2,446,0.0,0,0.0,1,1,8.2,2.0,0.044460318205788586,1,1,1,0
2,38,0.0,0,0.0,1,1,8.2,4.0,0.0,1,1,1,0
2,981,0.0,0,0.0,0,0,8.2,1.0,0.0,1,1,1,0
2,195,0.0,0,0.0,0,1,8.2,6.0,0.0,1,1,1,0
2,942,0.0,0,0.0,0,0,8.2,1.0,0.0,1,1,1,0
2,69,0.0,0,0.0,1,1,8.2,2.0,0.0,1,1,1,0
2,346,0.0,0,0.0,1,1,8.2,2.0,0.0,1,1,1,0
2,491,0.0,0,0.0,1,1,8.2,3.0,0.0,1,1,1,0
2,907,0.0,0,0.0,0,1,8.2,2.0,0.0,1,1,1,0
2,897,0.0,0,0.0,0,1,8.2,2.0,0.0,1,1,1,0
2,514,0.0,0,0.0,1,1,8.2,2.0,0.0,1,1,1,0
2,820,0.0,0,0.0,0,1,8.2,6.0,0.0,1,1,1,0
2,68,0.0,0,0.0,1,1,8.2,2.0,0.0,1,1,1,0
2,935,0.0,0,0.0,0,1,8.2,2.0,0.0,1,1,1,0
2,512,0.0,1,0.0,0,1,8.2,6.0,0.08063371052737751,1,1,1,0
2,334,0.0,0,0.0,1,1,8.2,4.0,0.0,1,1,1,0
2,319,0.0,0,0.0,1,1,8.2,4.0,0.0,1,1,1,0
2,634,0.0,0,0.0,1,1,8.2,2.0,0.035113541374212055,1,1,1,0
2,292,0.0,0,0.0,0,1,8.2,2.0,0.10329174403803501,1,1,1,0
2,198,0.0,0,0.0,0,1,8.2,6.0,0.0,1,1,1,0
2,285,0.0,1,0.0,0,1,8.2,6.0,0.0,1,1,1,0
2,910,0.0,1,0.0,1,1,8.2,2.0,0.17825021306373445,1,1,1,0
2,21,0.0,0,0.0,0,1,8.2,3.0,0.0,1,1,1,0
2,880,0.0,0,0.0,0,1,8.2,2.0,0.0,1,1,1,0
2,316,0.0,0,0.0,0,1,8.2,3.0,0.0,1,1,1,0
2,138,0.0,1,0.0,0,1,8.2,4.0,0.0,1,1,1,0
2,72,0.0,0,0.0,1,1,8.2,3.0,0.0,1,1,1,0
2,268,0.0,0,0.0,0,0,8.2,1.5,0.0,1,1,1,0
2,665,0.0,0,0.0,0,1,8.2,2.5,0.0,1,1,1,0
2,142,0.0,0,0.0,0,1,8.2,4.0,0.0,1,1,1,0
2,457,0.0,0,0.0,1,1,8.2,6.0,0.0,1,1,1,0
2,224,0.0,0,0.0,1,1,8.2,6.0,0.0,1,1,1,0
2,392,0.0,0,0.0,1,1,8.2,2.0,0.0,1,1,1,0
2,840,0.0,0,0.0,0,1,8.2,6.0,0.0,1,1,1,0
2,16,0.0,0,0.0,1,1,8.2,6.0,0.0,1,1,1,0
2,615,0.0,0,0.0,1,1,8.2,6.0,0.0,1,1,1,0
2,544,0.0,1,0.0,0,1,8.2,2.0,0.14973206004677186,1,1,1,0
2,452,0.0,0,0.0,1,1,8.2,6.0,0.0,1,1,1,0
2,48,0.0,0,0.0,1,1,8.2,2.0,0.0,1,1,1,0
2,458,0.25,0,0.0,1,1,8.2,6.0,0.5590365412035176,1,1,1,0
2,533,0.0,1,0.0,0,1,8.2,2.0,0.04991053003720754,1,1,1,0
2,8,0.0,0,0.0,0,1,8.2,203.0,0.0,1,1,1,0
2,974,0.0,0,0.0,0,0,8.2,1.0,0.0,1,1,1,0
2,776,0.0,1,0.0,1,1,8.2,2.5,0.17825021306373445,1,1,1,0
2,566,0.0,0,0.0,0,1,8.2,3.0,0.0,1,1,1,0
2,233,0.0,0,0.0,1,1,8.2,6.0,0.0,1,1,1,0
3,555,0.0,0,0.0,1,0,8.8,1.5,0.0,1,2,1,0
3,360,0.0,0,0.0,1,0,8.8,2.0,0.0,1,2,1,0
3,611,0.0,1,0.0,1,1,8.8,3.0,0.12074378974463501,1,2,1,0
3,122,0.0,0,0.0,1,0,8.8,1.5,0.0,1,2,1,0
3,568,0.0,0,0.0,1,1,8.8,3.0,0.0,1,2,1,0
3,743,0.0,0,0.0,1,0,8.8,2.5,0.0,1,2,1,0
3,990,0.0,0,0.0,1,0,8.8,1.0,0.0,1,2,1,0
3,731,0.1111111111111111,1,0.0,1,0,8.8,2.0,0.20546091267758249,1,2,1,0
3,59,0.0,0,0.0,1,1,8.8,6.0,0.0,1,2,1,0
3,774,0.0,0,0.0,1,0,8.8,2.0,0.0,1,2,1,0
3,100,0.0,0,0.0,1,0,8.8,2.0,0.0725098587544913,1,2,1,0
3,977,0.0,0,0.0,1,0,8.8,1.0,0.0,1,2,1,0
3,52,0.0,0,0.0,1,1,8.8,6.0,0.0,1,2,1,0
3,669,0.0,0,0.0,1,1,8.8,6.0,0.0,1,2,1,0
3,668,0.0,0,0.0,1,0,8.8,2.25,0.0,1,2,1,0
3,1002,0.0,0,0.0,1,0,8.8,1.0,0.0,1,2,1,0
3,564,0.0,0,0.0,1,0,8.8,2.0,0.0,1,2,1,0
3,640,0.0,0,0.0,1,1,8.8,6.0,0.0,1,2,1,0
3,736,0.0,0,0.0,1,1,8.8,3.0,0.0,1,2,1,0
3,158,0.0,0,0.0,1,1,8.8,6.0,0.0,1,2,1,0
3,430,0.1,0,0.0,1,1,8.8,6.0,0.035684929312183096,1,2,1,0
3,641,0.0,0,0.0,1,1,8.8,6.0,0.0,1,2,1,0
3,655,0.0,0,0.0,1,0,8.8,1.5,0.0,1,2,1,0
3,614,0.0,1,0.0,1,1,8.8,6.0,0.12642252847826652,1,2,1,0
3,5,0.0,0,0.0,1,1,8.8,3.0,0.0,1,2,1,0
3,270,0.0,0,0.0,1,0,8.8,1.5,0.0,1,2,1,0
3,942,0.0,0,0.0,1,0,8.8,1.0,0.0,1,2,1,0
3,129,0.13333333333333333,0,0.0,1,0,8.8,2.0,0.23441841646072195,1,2,1,0
3,66,0.0,0,0.0,1,0,8.8,2.0,0.0,1,2,1,0
3,646,0.0,0,0.0,1,0,8.8,1.5,0.0,1,2,1,0
3,894,0.0,0,0.0,1,0,8.8,2.0,0.0,1,2,1,0
3,740,0.15384615384615385,1,0.0,1,1,8.8,6.0,0.20003414803928632,1,2,1,1
3,943,0.0,0,0.0,1,0,8.8,1.0,0.0,1,2,1,0
3,801,0.0,0,0.0,1,0,8.8,2.0,0.0,1,2,1,0
3,957,0.0,0,0.0,1,0,8.8,1.0,0.0,1,2,1,0
3,634,0.0,1,0.0,1,0,8.8,2.0,0.133948878445817,1,2,1,0
3,817,0.0,0,0.0,1,0,8.8,1.5,0.0,1,2,1,0
3,618,0.0,0,0.0,1,0,8.8,1.5,0.0,1,2,1,0
3,267,0.0,0,0.0,1,0,8.8,1.5,0.0,1,2,1,0
3,62,0.0,0,0.0,1,1,8.8,6.0,0.0,1,2,1,0
3,465,0.0,0,0.0,1,1,8.8,6.0,0.0,1,2,1,0
3,695,0.0,0,0.0,1,1,8.8,3.0,0.0,1,2,1,0
3,355,0.0,0,0.0,1,0,8.8,2.0,0.0,1,2,1,0
3,288,0.0,0,0.0,1,1,8.8,6.25,0.0,1,2,1,0
3,566,0.1,0,0.0,1,1,8.8,3.0,0.2847910606016506,1,2,1,0
3,1030,0.0,0,0.0,1,0,8.8,1.0,0.0,1,2,1,0
3,120,0.0,0,0.0,1,1,8.8,6.0,0.0,1,2,1,0
3,742,0.0,0,0.0,1,0,8.8,2.5,0.0,1,2,1,0
3,250,0.0,0,0.0,1,1,8.8,6.0,0.0,1,2,1,0
3,638,0.0,0,0.0,1,1,8.8,6.0,0.0,1,2,1,0
3,823,0.1111111111111111,1,0.0,1,0,8.8,2.0,0.2730455104587697,1,2,1,0
3,528,0.0,1,0.0,1,0,8.8,1.5,0.10704816295602913,1,2,1,0
3,247,0.0,0,0.0,1,1,8.8,3.0,0.0,1,2,1,0
3,1035,0.0,0,0.0,1,0,8.8,0.0,0.0,1,2,1,0
3,813,0.0,0,0.0,1,1,8.8,6.0,0.0,1,2,1,0
3,58,0.0,0,0.0,1,1,8.8,3.0,0.0,1,2,1,0
3,156,0.13333333333333333,0,0.0,1,0,8.8,2.0,0.23441841646072195,1,2,1,0
3,805,0.0,0,0.0,1,0,8.8,2.0,0.0,1,2,1,0
3,488,0.0,0,0.0,1,1,8.8,6.0,0.0,1,2,1,0
3,144,0.0,0,0.0,1,1,8.8,6.0,0.0,1,2,1,0
3,74,0.0,0,0.0,1,1,8.8,3.0,0.0,1,2,1,0
3,645,0.0,0,0.0,1,1,8.8,3.0,0.0,1,2,1,0
3,350,0.125,1,0.0,1,0,8.8,2.0,0.28942015321357756,1,2,1,0
3,878,0.0,0,0.0,1,1,8.8,3.0,0.0,1,2,1,0
3,236,0.0625,1,0.0,1,0,8.8,2.0,0.09676741787175103,1,2,1,0
3,762,0.0,0,0.0,1,0,8.8,1.5,0.0,1,2,1,0
3,976,0.0,0,0.0,1,0,8.8,1.0,0.0,1,2,1,0
3,200,0.0,0,0.0,1,0,8.8,2.0,0.0,1,2,1,0
3,190,0.0,0,0.0,1,1,8.8,3.0,0.0,1,2,1,0
3,124,0.0,0,0.0,1,0,8.8,1.5,0.0,1,2,1,0
3,931,0.0,0,0.0,1,1,8.8,11.0,0.0,1,2,1,0
3,727,0.0,0,0.0,1,0,8.8,2.0,0.0,1,2,1,0
3,720,0.1111111111111111,1,0.0,1,1,8.8,6.0,0.2547242442697771,1,2,1,0
3,194,0.0,0,0.0,1,1,8.8,3.0,0.0,1,2,1,0
3,980,0.0,0,0.0,1,0,8.8,1.0,0.0,1,2,1,0
3,291,0.0,0,0.0,1,0,8.8,2.0,0.0,1,2,1,0
3,71,0.0,0,0.0,1,1,8.8,6.0,0.0,1,2,1,0
3,819,0.125,0,0.0,1,1,8.8,6.0,0.09776504043496648,1,2,1,0
3,637,0.0,0,0.0,1,0,8.8,1.5,0.0,1,2,1,0
3,470,0.0,0,0.0,1,1,8.8,6.0,0.0,1,2,1,0
3,752,0.0,0,0.0,1,1,8.8,6.0,0.0,1,2,1,0
3,146,0.0,0,0.0,1,1,8.8,4.0,0.0,1,2,1,0
3,802,0.0,0,0.0,1,0,8.8,2.0,0.0,1,2,1,0
3,148,0.0,0,0.0,1,1,8.8,4.0,0.0,1,2,1,0
3,294,0.0,0,0.0,1,1,8.8,6.0,0.0,1,2,1,0
3,507,0.0,0,0.0,1,0,8.8,2.5,0.0,1,2,1,0
3,670,0.0,0,0.0,1,1,8.8,4.0,0.0,1,2,1,0
3,84,0.0,0,0.0,1,1,8.8,4.0,0.0,1,2,1,0
3,939,0.0,0,0.0,1,0,8.8,1.0,0.0,1,2,1,0
3,289,0.0,0,0.0,1,1,8.8,3.0,0.0,1,2,1,0
3,88,0.0,0,0.0,1,0,8.8,2.0,0.0,1,2,1,0
3,371,0.0,0,0.0,1,1,8.8,6.0,0.0,1,2,1,0
3,265,0.0,0,0.0,1,0,8.8,2.0,0.0,1,2,1,0
3,848,0.0,0,0.0,1,1,8.8,6.0,0.0,1,2,1,0
3,302,0.0,0,0.0,1,1,8.8,4.0,0.0,1,2,1,0
3,833,0.0,0,0.0,1,1,8.8,3.0,0.0,1,2,1,0
3,625,0.0,0,0.0,1,1,8.8,6.0,0.0,1,2,1,0
3,82,0.0,0,0.0,1,0,8.8,2.0,0.026835370052751915,1,2,1,0
3,937,0.0,0,0.0,1,0,8.8,1.0,0.0,1,2,1,0
3,915,0.0,0,0.0,1,0,8.8,2.0,0.0,1,2,1,0
4,797,0.0,0,0.0,1,1,7.9,2.0,0.0,0,0,0,0
4,165,0.0,0,0.0,1,1,7.9,2.0,0.0,0,0,0,0
4,1029,0.0,0,0.0,1,0,7.9,1.0,0.0,0,0,0,0
4,308,0.0,0,0.0,1,1,7.9,4.0,0.0,0,0,0,0
4,938,0.0,0,0.0,1,0,7.9,1.0,0.0,0,0,0,0
4,1018,0.0,0,0.0,1,0,7.9,1.0,0.0,0,0,0,0
4,505,0.0,0,0.0,1,1,7.9,6.0,0.2318957961555152,0,0,0,0
4,644,0.0,0,0.0,1,1,7.9,6.0,0.03269402992430867,0,0,0,0
4,463,0.0,0,0.0,1,1,7.9,6.0,0.0,0,0,0,0
4,179,0.06666666666666667,0,0.0,1,1,7.9,2.0,0.1142332757988565,0,0,0,0
4,782,0.14285714285714285,0,0.0,1,1,7.9,2.0,0.24883012437957774,0,0,0,0
4,871,0.0,0,0.0,1,1,7.9,3.0,0.0,0,0,0,0
4,699,0.0,0,0.0,1,1,7.9,2.0,0.0,0,0,0,0
4,814,0.0,0,0.0,1,0,7.9,1.5,0.0,0,0,0,0
4,667,0.0,0,0.0,1,1,7.9,3.0,0.0,0,0,0,0
4,725,0.0,0,0.0,1,1,7.9,2.0,0.0,0,0,0,0
4,59,0.0,0,0.0,1,1,7.9,6.0,0.0,0,0,0,0
4,559,0.0,0,0.0,1,1,7.9,4.0,0.09423927391726587,0,0,0,0
4,635,0.125,0,0.0,1,0,7.9,1.5,0.11855310485190274,0,0,0,0
4,923,0.0,0,0.0,1,1,7.9,2.0,0.0,0,0,0,0
4,171,0.0,0,0.0,1,1,7.9,4.0,0.0,0,0,0,0
4,862,0.0,0,0.0,1,1,7.9,2.0,0.0,0,0,0,0
4,865,0.0,0,0.0,1,1,7.9,2.0,0.0,0,0,0,0
4,425,0.0,0,0.0,1,1,7.9,6.0,0.0,0,0,0,0
4,99,0.06666666666666667,0,0.0,1,1,7.9,2.0,0.1142332757988565,0,0,0,0
4,913,0.0,0,0.0,1,1,7.9,2.0,0.0,0,0,0,0
4,346,0.0,0,0.0,1,1,7.9,2.0,0.0,0,0,0,0
4,67,0.06666666666666667,0,0.0,1,1,7.9,2.0,0.1142332757988565,0,0,0,0
4,909,0.0,0,0.0,1,1,7.9,2.0,0.0,0,0,0,0
4,847,0.0,0,0.0,1,1,7.9,2.0,0.19427897207951003,0,0,0,0
4,402,0.0,0,0.0,1,0,7.9,1.5,0.0,0,0,0,0
4,238,0.0,0,0.0,1,1,7.9,3.0,0.0,0,0,0,0
4,482,0.0,0,0.0,1,1,7.9,6.0,0.0,0,0,0,0
4,509,0.0,0,0.0,1,1,7.9,3.0,0.21976399085691323,0,0,0,0
4,770,0.0,0,0.0,1,1,7.9,4.0,0.0,0,0,0,0
4,64,0.0,0,0.0,1,1,7.9,3.0,0.04373021845857005,0,0,0,0
4,414,0.0,0,0.0,1,1,7.9,3.0,0.0,0,0,0,0
4,464,0.0,0,0.0,1,1,7.9,6.0,0.0,0,0,0,0
4,975,0.0,0,0.0,1,0,7.9,1.0,0.0,0,0,0,0
4,348,0.0,0,0.0,1,1,7.9,3.0,0.13020041380357378,0,0,0,0
4,864,0.0,0,0.0,1,1,7.9,2.0,0.0,0,0,0,0
4,331,0.0,0,0.0,1,1,7.9,6.25,0.0,0,0,0,0
4,307,0.0,0,0.0,1,1,7.9,6.0,0.0,0,0,0,0
4,734,0.0,0,0.0,1,1,7.9,3.0,0.0,0,0,0,0
4,601,0.0,0,0.0,1,1,7.9,12.0,0.0,0,0,0,0
4,225,0.06666666666666667,0,0.0,1,1,7.9,2.0,0.1142332757988565,0,0,0,0
4,904,0.0,0,0.0,1,1,7.9,2.0,0.0,0,0,0,0
4,288,0.0,0,0.0,1,1,7.9,6.25,0.0,0,0,0,0
4,77,0.0,0,0.0,1,1,7.9,4.0,0.0,0,0,0,0
4,304,0.0,0,0.0,1,1,7.9,3.0,0.0,0,0,0,0
4,438,0.0,0,0.0,1,1,7.9,6.0,0.0,0,0,0,0
4,305,0.0,0,0.0,1,1,7.9,2.0,0.0,0,0,0,0
4,636,0.0,0,0.0,1,0,7.9,1.5,0.0,0,0,0,0
4,216,0.06666666666666667,0,0.0,1,1,7.9,2.0,0.1142332757988565,0,0,0,0
4,326,0.0,0,0.0,1,1,7.9,6.0,0.0,0,0,0,0
4,619,0.0,0,0.0,1,1,7.9,6.0,0.0,0,0,0,0
4,158,0.125,0,0.0,1,1,7.9,6.0,0.1067550102915567,0,0,0,0
4,73,0.06666666666666667,0,0.0,1,1,7.9,2.0,0.1142332757988565,0,0,0,0
4,215,0.06666666666666667,0,0.0,1,1,7.9,2.0,0.058685798130873164,0,0,0,0
4,738,0.0,0,0.0,1,1,7.9,2.25,0.0,0,0,0,0
4,526,0.0,0,0.0,1,1,7.9,6.0,0.0583270853753908,0,0,0,0
4,291,0.0,0,0.0,1,1,7.9,2.0,0.0,0,0,0,0
4,381,0.0,0,0.0,1,1,7.9,6.0,0.0,0,0,0,0
4,48,0.0,0,0.0,1,1,7.9,2.0,0.0,0,0,0,0
4,931,0.0,0,0.0,1,1,7.9,11.0,0.0,0,0,0,0
4,564,0.0,0,0.0,1,1,7.9,2.0,0.10224541464290315,0,0,0,0
4,329,0.09090909090909091,0,0.0,1,1,7.9,6.0,0.06056389844989613,0,0,0,0
4,821,0.0,0,0.0,1,1,7.9,6.0,0.0,0,0,0,0
4,125,0.0,0,0.0,1,1,7.9,4.0,0.032333786446981164,0,0,0,0
4,1020,0.0,0,0.0,1,0,7.9,1.0,0.0,0,0,0,0
4,756,0.0,0,0.0,1,1,7.9,2.0,0.0,0,0,0,0
4,153,0.0,0,0.0,1,1,7.9,3.0,0.0,0,0,0,0
4,155,0.0,0,0.0,1,1,7.9,3.0,0.0,0,0,0,0
4,958,0.0,0,0.0,1,0,7.9,1.0,0.2482311030537703,0,0,0,0
4,625,0.0,0,0.0,1,1,7.9,6.0,0.0,0,0,0,0
4,320,0.1,0,0.0,1,1,7.9,4.0,0.1619406349563358,0,0,0,0
4,222,0.0,0,0.0,1,1,7.9,6.0,0.0,0,0,0,0
4,820,0.14285714285714285,0,0.0,1,1,7.9,6.0,0.17062706921843712,0,0,0,0
4,575,0.0,0,0.0,1,1,7.9,6.0,0.0,0,0,0,0
4,93,0.0,0,0.0,1,1,7.9,6.0,0.0,0,0,0,0
4,164,0.0,0,0.0,1,1,7.9,3.0,0.0,0,0,0,0
4,245,0.0,0,0.0,1,1,7.9,3.0,0.03187479490300868,0,0,0,0
4,111,0.0,0,0.0,1,1,7.9,3.0,0.0,0,0,0,0
4,662,0.0,0,0.0,1,1,7.9,2.0,0.0,0,0,0,0
4,41,0.1,0,0.0,1,1,7.9,6.0,0.0,0,0,0,0
4,89,0.0,0,0.0,1,1,7.9,6.0,0.0,0,0,0,0
4,391,0.0,0,0.0,1,1,7.9,4.0,0.0,0,0,0,0
4,569,0.0,0,0.0,1,0,7.9,1.5,0.07484880811917945,0,0,0,0
4,134,0.06666666666666667,0,0.0,1,1,7.9,2.0,0.1142332757988565,0,0,0,0
4,813,0.0,0,0.0,1,1,7.9,6.0,0.0,0,0,0,0
4,407,0.0,0,0.0,1,1,7.9,4.0,0.0,0,0,0,0
4,688,0.0,0,0.0,1,1,7.9,2.0,0.0,0,0,0,0
4,757,0.0,0,0.0,1,1,7.9,3.0,0.0,0,0,0,0
4,281,0.0,0,0.0,1,1,7.9,3.0,0.0,0,0,0,0
4,617,0.0,0,0.0,1,1,7.9,6.0,0.0,0,0,0,0
4,248,0.0,0,0.0,1,1,7.9,3.0,0.0,0,0,0,0
4,354,0.0,0,0.0,1,1,7.9,3.0,0.0,0,0,0,0
4,116,0.06666666666666667,0,0.0,1,1,7.9,3.0,0.1142332757988565,0,0,0,0
4,192,0.0,0,0.0,1,1,7.9,6.0,0.0,0,0,0,0
4,34,0.06666666666666667,0,0.0,1,1,7.9,2.0,0.1142332757988565,0,0,0,0
5,417,0.0,0,0.0,1,1,7.0,3.0,0.0,1,1,1,0
5,824,0.0,0,0.0,0,1,7.0,6.0,0.0,1,1,1,0
5,514,0.0,0,0.0,1,1,7.0,2.0,0.0,1,1,1,0
5,36,0.0,0,0.0,0,1,7.0,6.0,0.0,1,1,1,0
5,354,0.0,0,0.0,0,1,7.0,3.0,0.0,1,1,1,0
5,495,0.0,0,0.0,1,1,7.0,6.0,0.0,1,1,1,0
5,537,0.0,0,0.0,0,1,7.0,2.0,0.0,1,1,1,0
5,579,0.0,0,0.0,0,1,7.0,12.0,0.0,1,1,1,0
5,350,0.0,0,0.0,1,1,7.0,2.0,0.0,1,1,1,0
5,149,0.0,0,0.0,0,1,7.0,4.0,0.0,1,1,1,0
5,556,0.0,0,0.0,1,1,7.0,2.0,0.0,1,1,1,0
5,400,0.0,0,0.0,1,1,7.0,2.0,0.0,1,1,1,0
5,12,0.0,0,0.0,1,1,7.0,3.0,0.0,1,1,1,0
5,564,0.0,0,0.0,0,1,7.0,2.0,0.0,1,1,1,0
5,87,0.0,0,0.0,0,1,7.0,4.0,0.0,1,1,1,0
5,962,0.0,0,0.0,0,1,7.0,1.0,0.0,1,1,1,0
5,964,0.0,0,0.0,0,1,7.0,1.0,0.0,1,1,1,0
5,602,0.0,0,0.0,0,1,7.0,3.0,0.0,1,1,1,0
5,907,0.0,0,0.0,0,1,7.0,2.0,0.0,1,1,1,0
5,682,0.3333333333333333,1,0.0,1,1,7.0,12.0,0.535774986771578,1,1,1,1
5,711,0.0,0,0.0,0,1,7.0,2.0,0.0,1,1,1,0
5,853,0.0,0,0.0,1,1,7.0,2.0,0.0,1,1,1,0
5,749,0.0,0,0.0,0,1,7.0,1.5,0.0,1,1,1,0
5,122,0.0,0,0.0,0,1,7.0,1.5,0.0,1,1,1,0
5,588,0.0,0,0.0,1,1,7.0,3.0,0.0,1,1,1,0
5,933,0.0,0,0.0,0,1,7.0,3.0,0.0,1,1,1,0
5,557,0.0,0,0.0,1,1,7.0,4.0,0.0,1,1,1,0
5,209,0.0,0,0.0,0,1,7.0,2.0,0.0,1,1,1,0
5,476,0.0,0,0.0,1,1,7.0,6.0,0.0,1,1,1,0
5,923,0.0,0,0.0,1,1,7.0,2.0,0.0,1,1,1,0
5,840,0.0,0,0.0,0,1,7.0,6.0,0.0,1,1,1,0
5,310,0.0,0,0.0,0,1,7.0,4.0,0.0,1,1,1,0
5,801,0.0,0,0.0,0,1,7.0,2.0,0.0,1,1,1,0
5,629,0.2,0,0.0,1,1,7.0,1.5,0.4142794766486385,1,1,1,0
5,35,0.0,0,0.0,0,1,7.0,3.0,0.0,1,1,1,0
5,813,0.0,0,0.0,0,1,7.0,6.0,0.0,1,1,1,0
5,204,0.0,0,0.0,1,1,7.0,2.0,0.0,1,1,1,0
5,259,0.0,0,0.0,1,1,7.0,6.0,0.0,1,1,1,0
5,34,0.0,0,0.0,1,1,7.0,2.0,0.0,1,1,1,0
5,160,0.0,0,0.0,0,1,7.0,3.0,0.0,1,1,1,0
5,829,0.0,0,0.0,0,1,7.0,2.0,0.0,1,1,1,0
5,229,0.0,0,0.0,1,1,7.0,3.0,0.0,1,1,1,0
5,547,0.0,0,0.0,1,1,7.0,2.0,0.0,1,1,1,0
5,342,0.0,0,0.0,0,1,7.0,6.0,0.0,1,1,1,0
5,940,0.0,0,0.0,0,1,7.0,1.0,0.04541183462278758,1,1,1,0
5,61,0.0,0,0.0,1,1,7.0,2.0,0.0,1,1,1,0
5,337,0.0,0,0.0,0,1,7.0,6.0,0.0,1,1,1,0
5,4,0.0,0,0.0,0,1,7.0,12.0,0.0,1,1,1,0
5,353,0.0,0,0.0,0,1,7.0,3.0,0.0,1,1,1,0
5,220,0.0,0,0.0,1,1,7.0,4.0,0.0,1,1,1,0
5,199,0.0,0,0.0,1,1,7.0,6.0,0.0,1,1,1,0
5,1028,0.0,0,0.0,0,1,7.0,1.0,0.08320386263570574,1,1,1,0
5,463,0.0,0,0.0,1,1,7.0,6.0,0.0,1,1,1,0
5,595,0.0,0,0.0,1,1,7.0,2.5,0.0,1,1,1,0
5,359,0.0,0,0.0,1,1,7.0,6.0,0.0,1,1,1,0
5,831,0.0,0,0.0,0,1,7.0,4.0,0.0,1,1,1,0
5,744,0.3333333333333333,1,0.0,1,1,7.0,3.0,0.535774986771578,1,1,1,1
5,560,0.0,0,0.0,1,1,7.0,4.0,0.0,1,1,1,0
5,955,0.0,0,0.0,0,1,7.0,1.0,0.0,1,1,1,0
5,1017,0.0,0,0.0,0,1,7.0,1.0,0.0,1,1,1,0
5,282,0.0,0,0.0,0,1,7.0,1.5,0.0,1,1,1,0
5,951,0.0,0,0.0,0,1,7.0,1.0,0.0,1,1,1,0
5,177,0.0,0,0.0,0,1,7.0,4.0,0.0,1,1,1,0
5,628,0.0,0,0.0,0,1,7.0,6.0,0.0,1,1,1,0
5,674,0.0,0,0.0,0,1,7.0,8.0,0.0,1,1,1,0
5,194,0.0,0,0.0,1,1,7.0,3.0,0.0,1,1,1,0
5,611,0.0,0,0.0,0,1,7.0,3.0,0.0,1,1,1,0
5,1023,0.1111111111111111,0,0.0,0,1,7.0,1.0,0.0430431570328515,1,1,1,0
5,449,0.0,0,0.0,1,1,7.0,6.0,0.0,1,1,1,0
5,750,0.0,0,0.0,0,1,7.0,1.5,0.0,1,1,1,0
5,445,0.0,0,0.0,1,1,7.0,6.0,0.0,1,1,1,0
5,231,0.0,0,0.0,1,1,7.0,6.0,0.0,1,1,1,0
5,630,0.2857142857142857,0,0.0,0,1,7.0,6.0,0.34467419287612355,1,1,1,0
5,758,0.0,0,0.0,1,1,7.0,2.5,0.0,1,1,1,0
5,968,0.0,0,0.0,0,1,7.0,1.0,0.0,1,1,1,0
5,489,0.0,0,0.0,1,1,7.0,6.0,0.0,1,1,1,0
5,16,0.0,0,0.0,1,1,7.0,6.0,0.0,1,1,1,0
5,652,0.0,0,0.0,1,1,7.0,2.75,0.0,1,1,1,0
5,684,0.0,0,0.0,0,1,7.0,8.0,0.0,1,1,1,0
5,637,0.0,0,0.0,1,1,7.0,1.5,0.0,1,1,1,0
5,959,0.0,0,0.0,0,1,7.0,1.0,0.0,1,1,1,0
5,877,0.0,0,0.0,1,1,7.0,2.0,0.0,1,1,1,0
5,348,0.0,0,0.0,1,1,7.0,3.0,0.0,1,1,1,0
5,742,0.0,0,0.0,1,1,7.0,2.5,0.0,1,1,1,0
5,393,0.0,0,0.0,1,1,7.0,4.0,0.0,1,1,1,0
5,481,0.0,0,0.0,1,1,7.0,6.0,0.0,1,1,1,0
5,710,0.0,0,0.0,0,1,7.0,2.0,0.0,1,1,1,0
5,545,0.0,0,0.0,0,1,7.0,2.0,0.0,1,1,1,0
5,912,0.125,1,0.0,0,1,7.0,12.0,0.11776266969963495,1,1,1,0
5,196,0.0,0,0.0,1,1,7.0,3.0,0.0,1,1,1,0
5,978,0.0,0,0.0,0,1,7.0,1.0,0.0,1,1,1,0
5,405,0.0,0,0.0,1,1,7.0,4.0,0.0,1,1,1,0
5,86,0.0,0,0.0,0,1,7.0,4.0,0.0,1,1,1,0
5,132,0.0,0,0.0,0,1,7.0,6.0,0.0,1,1,1,0
5,442,0.0,0,0.0,1,1,7.0,6.0,0.0,1,1,1,0
5,355,0.0,0,0.0,1,1,7.0,2.0,0.0,1,1,1,0
5,52,0.0,0,0.0,0,1,7.0,6.0,0.0,1,1,1,0
5,24,0.0,0,0.0,1,1,7.0,2.0,0.0,1,1,1,0
5,482,0.0,0,0.0,1,1,7.0,6.0,0.0,1,1,1,0
5,255,0.0,0,0.0,0,1,7.0,3.0,0.0,1,1,1,0
